ects_kolegija,tezina_kolegija,postotak_ocjene,tezina_obveze,sigurnost_prije,tip_Ispit,tip_Kolokvij,tip_Labos,tip_Mini test,tip_Ostalo,tip_Projekt,tip_Seminar,tip_Usmeni ispit,tip_Zadaće,sati_ucenja,sati_ucenja_log,id_ispitanika
5.0,8.0,10.0,3.0,1.0,False,False,False,True,False,False,False,False,False,25.0,3.258096538021482,5
5.0,8.0,90.0,9.0,4.0,True,False,False,False,False,False,False,False,False,100.0,4.61512051684126,5
5.0,7.0,50.0,6.0,1.0,False,True,False,False,False,False,False,False,False,70.0,4.2626798770413155,5
5.0,7.0,50.0,7.0,3.0,False,True,False,False,False,False,False,False,False,37.0,3.6375861597263857,5
5.0,4.0,100.0,5.0,3.0,True,False,False,False,False,False,False,False,False,21.0,3.091042453358316,5
5.0,7.0,55.6,7.0,5.0,False,True,False,False,False,False,False,False,False,15.0,2.772588722239781,6
5.0,7.0,111.1,5.0,7.0,False,False,True,False,False,False,False,False,False,2.0,1.0986122886681098,6
6.0,8.0,41.7,8.0,4.0,False,False,False,False,False,False,True,False,False,20.0,3.044522437723423,6
6.0,8.0,166.7,9.0,4.0,False,True,False,False,False,False,False,False,False,30.0,3.4339872044851463,6
8.0,10.0,100.0,10.0,3.0,True,False,False,False,False,False,False,False,False,50.0,3.9318256327243257,6
8.0,10.0,25.0,7.0,3.0,False,False,False,False,False,False,False,True,False,1.0,0.6931471805599453,6
7.0,8.0,46.2,8.0,5.0,False,True,False,False,False,False,False,False,False,48.0,3.8918202981106265,7
7.0,8.0,46.2,9.0,5.0,False,True,False,False,False,False,False,False,False,48.0,3.8918202981106265,7
5.0,5.0,46.2,4.0,8.0,False,True,False,False,False,False,False,False,False,30.0,3.4339872044851463,7
5.0,5.0,46.2,5.0,8.0,False,True,False,False,False,False,False,False,False,30.0,3.4339872044851463,7
7.0,8.0,100.0,7.0,7.0,True,False,False,False,False,False,False,False,False,42.0,3.7612001156935624,7
6.0,7.0,100.0,8.0,7.0,True,False,False,False,False,False,False,False,False,100.0,4.61512051684126,8
6.0,7.0,5.0,6.0,8.0,False,False,False,False,False,False,False,False,True,15.0,2.772588722239781,8
5.0,10.0,100.0,10.0,3.0,False,False,False,False,False,True,False,False,False,150.0,5.017279836814924,8
5.0,6.0,100.0,6.0,8.0,True,False,False,False,False,False,False,False,False,10.0,2.3978952727983707,8
7.0,4.0,50.0,6.0,3.0,False,True,False,False,False,False,False,False,False,35.0,3.58351893845611,9
7.0,4.0,3.8,5.0,5.0,False,False,False,False,False,False,False,True,False,10.0,2.3978952727983707,9
7.0,8.0,285.7,7.0,2.0,False,False,False,False,False,False,False,True,False,10.0,2.3978952727983707,9
7.0,8.0,100.0,8.0,4.0,False,False,False,False,False,False,False,True,False,80.0,4.394449154672439,9
7.0,7.0,100.0,7.0,3.0,True,False,False,False,False,False,False,False,False,80.0,4.394449154672439,9
7.0,7.0,25.0,7.0,5.0,False,False,False,False,False,False,False,True,False,35.0,3.58351893845611,9
24.0,10.0,60.0,8.0,7.0,True,False,False,False,False,False,False,False,False,150.0,5.017279836814924,10
24.0,10.0,60.0,9.0,8.0,True,False,False,False,False,False,False,False,False,180.0,5.198497031265826,10
8.0,7.0,33.3,7.0,9.0,True,False,False,False,False,False,False,False,False,40.0,3.713572066704308,10
8.0,7.0,33.3,7.0,7.0,True,False,False,False,False,False,False,False,False,36.0,3.6109179126442243,10
10.0,6.0,100.0,7.0,2.0,True,False,False,False,False,False,False,False,False,50.0,3.9318256327243257,10
10.0,6.0,0.0,7.0,6.0,False,False,False,False,False,False,False,True,False,25.0,3.258096538021482,10
15.0,9.0,100.0,8.0,3.0,True,False,False,False,False,False,False,False,False,60.0,4.110873864173311,11
15.0,9.0,100.0,8.0,3.0,True,False,False,False,False,False,False,False,False,60.0,4.110873864173311,11
5.0,2.0,10.0,2.0,7.0,False,False,False,False,False,False,True,False,False,6.0,1.9459101490553132,11
5.0,2.0,20.0,3.0,6.0,True,False,False,False,False,False,False,False,False,20.0,3.044522437723423,11
8.0,7.0,100.0,7.0,6.0,True,False,False,False,False,False,False,False,False,20.0,3.044522437723423,11
8.0,7.0,30.0,6.0,6.0,False,False,False,False,False,False,False,True,False,20.0,3.044522437723423,11
6.0,5.0,25.0,5.0,3.0,False,True,False,False,False,False,False,False,False,20.0,3.044522437723423,12
6.0,5.0,15.0,2.0,8.0,False,False,False,False,False,False,True,False,False,8.0,2.1972245773362196,12
4.0,5.0,20.0,6.0,2.0,False,True,False,False,False,False,False,False,False,18.0,2.9444389791664403,12
4.0,5.0,100.0,6.0,4.0,False,False,False,False,False,True,False,False,False,40.0,3.713572066704308,12
6.0,8.0,100.0,8.0,2.0,True,False,False,False,False,False,False,False,False,70.0,4.2626798770413155,12
6.0,8.0,,8.0,8.0,False,False,False,False,False,False,False,True,False,10.0,2.3978952727983707,12
6.0,8.0,25.0,10.0,9.0,False,True,False,False,False,False,False,False,False,120.0,4.795790545596741,13
6.0,8.0,35.0,10.0,7.0,False,True,False,False,False,False,False,False,False,210.0,5.351858133476067,13
6.0,5.0,40.0,5.0,10.0,False,True,False,False,False,False,False,False,False,32.0,3.4965075614664802,13
6.0,5.0,40.0,5.0,9.0,False,True,False,False,False,False,False,False,False,40.0,3.713572066704308,13
5.0,10.0,100.0,10.0,8.0,True,False,False,False,False,False,False,False,False,160.0,5.081404364984463,13
5.0,10.0,,10.0,8.0,False,False,False,False,False,False,False,True,False,160.0,5.081404364984463,13
4.0,6.0,50.0,5.0,7.0,False,True,False,False,False,False,False,False,False,40.0,3.713572066704308,14
4.0,6.0,50.0,7.0,7.0,False,False,False,False,False,False,True,False,False,25.0,3.258096538021482,14
4.0,9.0,50.0,9.0,3.0,False,True,False,False,False,False,False,False,False,90.0,4.51085950651685,14
4.0,9.0,50.0,9.0,3.0,False,False,False,False,False,True,False,False,False,30.0,3.4339872044851463,14
4.0,4.0,50.0,5.0,6.0,True,False,False,False,False,False,False,False,False,15.0,2.772588722239781,14
4.0,4.0,,5.0,6.0,False,False,False,False,False,False,False,True,False,15.0,2.772588722239781,14
9.0,6.0,30.0,7.0,8.0,False,True,False,False,False,False,False,False,False,50.0,3.9318256327243257,15
9.0,6.0,15.0,6.0,8.0,False,False,False,False,False,False,True,False,False,30.0,3.4339872044851463,15
6.0,10.0,24.0,10.0,4.0,False,True,False,False,False,False,False,False,False,50.0,3.9318256327243257,15
6.0,10.0,20.0,10.0,5.0,False,False,False,False,False,False,True,False,False,15.0,2.772588722239781,15
9.0,10.0,30.0,10.0,3.0,True,False,False,False,False,False,False,False,False,30.0,3.4339872044851463,15
9.0,10.0,,10.0,3.0,False,False,False,False,False,False,False,True,False,15.0,2.772588722239781,15
5.0,8.0,100.0,6.0,4.0,False,True,False,False,False,False,False,False,False,90.0,4.51085950651685,16
5.0,8.0,100.0,9.0,4.0,False,False,False,False,False,False,False,True,False,20.0,3.044522437723423,16
9.0,2.0,100.0,2.0,9.0,False,True,False,False,False,False,False,False,False,30.0,3.4339872044851463,16
9.0,2.0,100.0,4.0,8.0,False,False,False,False,False,False,False,True,False,4.0,1.6094379124341003,16
6.0,1.0,100.0,10.0,4.0,True,False,False,False,False,False,False,False,False,320.0,5.771441123130016,16
6.0,1.0,,10.0,1.0,False,False,False,False,False,False,False,True,False,200.0,5.303304908059076,16
6.0,8.0,50.0,9.0,3.0,True,False,False,False,False,False,False,False,False,80.0,4.394449154672439,17
6.0,8.0,3.0,9.0,3.0,False,False,False,False,False,False,False,True,False,15.0,2.772588722239781,17
3.0,4.0,90.0,3.0,6.0,False,True,False,False,False,False,False,False,False,4.0,1.6094379124341003,17
3.0,4.0,6.0,4.0,7.0,False,False,False,False,False,False,False,True,False,4.0,1.6094379124341003,17
6.0,7.0,100.0,7.0,3.0,True,False,False,False,False,False,False,False,False,20.0,3.044522437723423,17
6.0,7.0,,9.0,2.0,False,False,False,False,False,False,False,True,False,20.0,3.044522437723423,17
6.0,6.0,25.0,6.0,3.0,False,True,False,False,False,False,False,False,False,18.0,2.9444389791664403,18
6.0,6.0,50.0,8.0,1.0,False,False,False,False,False,False,False,True,False,40.0,3.713572066704308,18
6.0,10.0,50.0,9.0,2.0,False,True,False,False,False,False,False,False,False,22.0,3.1354942159291497,18
6.0,10.0,10.0,5.0,2.0,False,False,False,False,False,False,False,False,True,10.0,2.3978952727983707,18
6.0,5.0,100.0,5.0,3.0,True,False,False,False,False,False,False,False,False,17.0,2.8903717578961645,18
3.0,6.0,25.0,6.0,7.0,False,True,False,False,False,False,False,False,False,25.0,3.258096538021482,19
3.0,6.0,10.0,8.0,7.0,False,False,False,False,False,False,True,False,False,50.0,3.9318256327243257,19
8.0,9.0,50.0,10.0,4.0,True,False,False,False,False,False,False,False,False,160.0,5.081404364984463,19
8.0,9.0,25.0,7.0,5.0,False,True,False,False,False,False,False,False,False,28.0,3.367295829986474,19
1.0,4.0,100.0,4.0,6.0,True,False,False,False,False,False,False,False,False,13.0,2.6390573296152584,19
1.0,4.0,,6.0,4.0,False,False,False,False,False,False,False,True,False,36.0,3.6109179126442243,19
5.0,8.0,100.0,5.0,3.0,False,True,False,False,False,False,False,False,False,6.0,1.9459101490553132,20
5.0,8.0,100.0,5.0,4.0,False,False,False,False,False,False,True,False,False,6.0,1.9459101490553132,20
2.0,1.0,100.0,3.0,10.0,False,False,False,False,False,False,True,False,False,5.0,1.791759469228055,20
2.0,1.0,100.0,2.0,10.0,False,False,False,False,False,False,True,False,False,3.0,1.3862943611198906,20
6.0,8.0,,9.0,7.0,False,False,False,False,False,False,False,True,False,30.0,3.4339872044851463,20
5.0,7.0,22.0,7.0,4.0,False,True,False,False,False,False,False,False,False,45.0,3.828641396489095,21
5.0,7.0,40.0,10.0,3.0,False,False,False,False,False,True,False,False,False,75.0,4.330733340286331,21
9.0,9.0,35.0,9.0,4.0,False,True,False,False,False,False,False,False,False,80.0,4.394449154672439,21
9.0,9.0,35.0,9.0,4.0,False,True,False,False,False,False,False,False,False,70.0,4.2626798770413155,21
5.0,6.0,40.0,6.0,3.0,True,False,False,False,False,False,False,False,False,30.0,3.4339872044851463,21
5.0,6.0,,6.0,3.0,False,False,False,False,False,False,False,True,False,25.0,3.258096538021482,21
9.0,7.0,41.7,7.0,2.0,False,True,False,False,False,False,False,False,False,60.0,4.110873864173311,22
9.0,7.0,8.3,3.0,3.0,False,False,False,True,False,False,False,False,False,10.0,2.3978952727983707,22
5.0,4.0,44.0,5.0,2.0,False,True,False,False,False,False,False,False,False,10.0,2.3978952727983707,22
5.0,4.0,1.0,1.0,1.0,False,False,False,False,False,False,False,False,True,2.0,1.0986122886681098,22
5.0,8.0,18.0,7.0,3.0,False,True,False,False,False,False,False,False,False,70.0,4.2626798770413155,23
5.0,8.0,18.0,9.0,5.0,True,False,False,False,False,False,False,False,False,120.0,4.795790545596741,23
5.0,6.0,3.0,6.0,3.0,False,False,True,False,False,False,False,False,False,15.0,2.772588722239781,23
5.0,6.0,33.0,7.0,4.0,True,False,False,False,False,False,False,False,False,50.0,3.9318256327243257,23
5.0,5.0,70.0,5.0,2.0,True,False,False,False,False,False,False,False,False,20.0,3.044522437723423,23
5.0,5.0,,5.0,6.0,False,False,False,False,False,False,False,True,False,12.0,2.5649493574615367,23
2.0,5.0,50.0,5.0,2.0,False,True,False,False,False,False,False,False,False,15.0,2.772588722239781,24
2.0,5.0,50.0,3.0,1.0,False,False,False,False,False,False,True,False,False,10.0,2.3978952727983707,24
10.0,9.0,30.0,8.0,2.0,False,False,False,False,False,True,False,False,False,35.0,3.58351893845611,24
10.0,9.0,60.0,9.0,4.0,True,False,False,False,False,False,False,False,False,45.0,3.828641396489095,24
3.0,6.0,100.0,6.0,4.0,True,False,False,False,False,False,False,False,False,8.0,2.1972245773362196,24
3.0,6.0,,7.0,4.0,False,False,False,False,False,False,False,True,False,5.0,1.791759469228055,24
6.0,6.0,66.7,6.0,4.0,False,True,False,False,False,False,False,False,False,20.0,3.044522437723423,25
6.0,6.0,100.0,6.0,6.0,False,False,False,False,False,False,True,False,False,12.0,2.5649493574615367,25
6.0,8.0,166.7,9.0,6.0,False,True,False,False,False,False,False,False,False,52.0,3.970291913552122,25
6.0,8.0,100.0,8.0,6.0,False,False,False,False,False,False,True,False,False,42.0,3.7612001156935624,25
6.0,9.0,100.0,8.0,6.0,True,False,False,False,False,False,False,False,False,45.0,3.828641396489095,25
6.0,9.0,,6.0,4.0,False,False,False,False,False,False,False,True,False,20.0,3.044522437723423,25
8.0,10.0,1.0,4.0,3.0,False,False,False,False,False,False,True,False,False,8.0,2.1972245773362196,26
8.0,10.0,100.0,10.0,10.0,True,False,False,False,False,False,False,False,False,900.0,6.803505257608338,26
3.0,2.0,100.0,3.0,7.0,False,True,False,False,False,False,False,False,False,4.0,1.6094379124341003,26
3.0,2.0,100.0,3.0,7.0,False,False,False,False,False,False,True,False,False,12.0,2.5649493574615367,26
4.0,7.0,100.0,8.0,10.0,True,False,False,False,False,False,False,False,False,100.0,4.61512051684126,26
4.0,7.0,,7.0,7.0,False,False,False,False,False,False,False,True,False,10.0,2.3978952727983707,26
6.0,6.0,153.8,3.0,9.0,False,True,False,False,False,False,False,False,False,38.0,3.6635616461296463,27
6.0,6.0,30.8,4.0,8.0,False,False,False,False,False,False,True,False,False,60.0,4.110873864173311,27
5.0,6.0,333.3,5.0,9.0,False,False,False,False,False,True,False,False,False,10.0,2.3978952727983707,27
5.0,6.0,333.3,7.0,5.0,False,True,False,False,False,False,False,False,False,23.0,3.1780538303479458,27
6.0,8.0,166.7,8.0,6.0,True,False,False,False,False,False,False,False,False,170.0,5.14166355650266,27
6.0,8.0,,9.0,6.0,False,False,False,False,False,False,False,True,False,184.0,5.220355825078324,27
6.0,5.0,18.0,6.0,4.0,False,False,False,False,False,True,False,False,False,15.0,2.772588722239781,28
6.0,5.0,72.0,4.0,5.0,True,False,False,False,False,False,False,False,False,3.0,1.3862943611198906,28
4.0,6.0,40.0,7.0,4.0,False,False,False,False,False,True,False,False,False,20.0,3.044522437723423,28
4.0,6.0,30.0,4.0,3.0,False,False,False,False,False,False,False,False,True,6.0,1.9459101490553132,28
6.0,7.0,100.0,7.0,4.0,True,False,False,False,False,False,False,False,False,7.0,2.0794415416798357,28
6.0,2.0,20.0,2.0,4.0,False,True,False,False,False,False,False,False,False,2.0,1.0986122886681098,29
6.0,2.0,40.0,6.0,4.0,False,False,False,False,False,True,False,False,False,20.0,3.044522437723423,29
4.0,7.0,30.0,10.0,3.0,False,False,False,False,False,True,False,False,False,40.0,3.713572066704308,29
4.0,7.0,30.0,5.0,4.0,False,True,False,False,False,False,False,False,False,8.0,2.1972245773362196,29
5.0,10.0,100.0,10.0,1.0,True,False,False,False,False,False,False,False,False,50.0,3.9318256327243257,29
5.0,10.0,,1.0,8.0,False,False,False,False,False,False,False,True,False,2.0,1.0986122886681098,29
4.0,7.0,50.0,5.0,8.0,False,False,False,False,False,False,True,False,False,20.0,3.044522437723423,30
4.0,7.0,116.7,8.0,6.0,False,False,False,False,False,False,False,True,False,40.0,3.713572066704308,30
4.0,8.0,20.0,6.0,10.0,False,False,False,False,True,False,False,False,False,10.0,2.3978952727983707,30
4.0,8.0,20.0,6.0,10.0,False,False,False,False,True,False,False,False,False,15.0,2.772588722239781,30
3.0,8.0,100.0,8.0,4.0,True,False,False,False,False,False,False,False,False,40.0,3.713572066704308,30
6.0,6.0,22.0,7.0,4.0,False,True,False,False,False,False,False,False,False,40.0,3.713572066704308,31
6.0,6.0,22.0,6.0,4.0,False,False,False,False,False,True,False,False,False,15.0,2.772588722239781,31
6.0,7.0,22.2,7.0,5.0,False,True,False,False,False,False,False,False,False,24.0,3.2188758248682006,31
6.0,7.0,44.4,8.0,6.0,False,False,False,False,False,True,False,False,False,30.0,3.4339872044851463,31
4.0,7.0,100.0,7.0,7.0,True,False,False,False,False,False,False,False,False,24.0,3.2188758248682006,31
4.0,7.0,,8.0,8.0,False,False,False,False,False,False,False,True,False,3.0,1.3862943611198906,31
6.0,8.0,30.0,7.0,5.0,False,True,False,False,False,False,False,False,False,67.0,4.219507705176107,32
6.0,8.0,15.0,10.0,2.0,False,False,False,False,False,True,False,False,False,50.0,3.9318256327243257,32
6.0,9.0,100.0,10.0,5.0,False,True,False,False,False,False,False,False,False,82.0,4.418840607796598,32
6.0,9.0,5.3,3.0,3.0,False,False,False,False,False,False,True,False,False,8.0,2.1972245773362196,32
9.0,10.0,100.0,10.0,2.0,True,False,False,False,False,False,False,False,False,150.0,5.017279836814924,32
7.0,8.0,100.0,8.0,6.0,True,False,False,False,False,False,False,False,False,50.0,3.9318256327243257,33
7.0,8.0,5.0,9.0,7.0,False,False,False,False,False,False,False,True,False,70.0,4.2626798770413155,33
2.0,5.0,50.0,6.0,7.0,True,False,False,False,False,False,False,False,False,20.0,3.044522437723423,33
2.0,5.0,100.0,4.0,7.0,False,False,False,False,False,False,True,False,False,12.0,2.5649493574615367,33
5.0,8.0,100.0,9.0,4.0,True,False,False,False,False,False,False,False,False,42.0,3.7612001156935624,33
5.0,8.0,,9.0,3.0,False,False,False,False,False,False,False,True,False,60.0,4.110873864173311,33
5.0,4.0,30.0,4.0,6.0,False,True,False,False,False,False,False,False,False,10.0,2.3978952727983707,34
5.0,4.0,30.0,9.0,5.0,False,False,False,False,False,True,False,False,False,30.0,3.4339872044851463,34
6.0,7.0,50.0,7.0,5.0,False,True,False,False,False,False,False,False,False,15.0,2.772588722239781,34
6.0,7.0,50.0,7.0,4.0,False,False,False,False,False,True,False,False,False,50.0,3.9318256327243257,34
2.0,2.0,107.5,2.0,8.0,False,False,False,False,False,False,True,False,False,4.0,1.6094379124341003,35
2.0,2.0,107.5,3.0,7.0,False,True,False,False,False,False,False,False,False,4.0,1.6094379124341003,35
5.0,10.0,100.0,2.0,9.0,False,False,False,False,False,False,True,False,False,2.0,1.0986122886681098,35
5.0,10.0,100.0,10.0,1.0,True,False,False,False,False,False,False,False,False,100.0,4.61512051684126,35
5.0,6.0,100.0,6.0,4.0,True,False,False,False,False,False,False,False,False,8.0,2.1972245773362196,35
5.0,6.0,,5.0,5.0,False,False,False,False,False,False,False,True,False,8.0,2.1972245773362196,35
6.0,6.0,100.0,7.0,2.0,True,False,False,False,False,False,False,False,False,60.0,4.110873864173311,36
6.0,6.0,0.0,1.0,1.0,False,False,False,False,True,False,False,False,False,1.0,0.6931471805599453,36
6.0,8.0,50.0,9.0,1.0,False,True,False,False,False,False,False,False,False,70.0,4.2626798770413155,36
6.0,8.0,10.0,2.0,2.0,False,False,False,False,True,False,False,False,False,4.0,1.6094379124341003,36
9.0,9.0,10.0,9.0,2.0,True,False,False,False,False,False,False,False,False,120.0,4.795790545596741,36
5.0,7.0,40.4,7.0,2.0,False,True,False,False,False,False,False,False,False,60.0,4.110873864173311,37
5.0,7.0,40.4,8.0,1.0,False,True,False,False,False,False,False,False,False,60.0,4.110873864173311,37
3.0,1.0,41.1,1.0,10.0,False,True,False,False,False,False,False,False,False,3.0,1.3862943611198906,37
3.0,1.0,6.8,1.0,10.0,False,False,False,False,False,False,False,False,True,1.0,0.6931471805599453,37
6.0,4.0,166.7,6.0,3.0,True,False,False,False,False,False,False,False,False,30.0,3.4339872044851463,37
6.0,4.0,,8.0,7.0,False,False,False,False,False,False,False,True,False,30.0,3.4339872044851463,37
8.0,7.0,375.0,7.0,8.0,False,True,False,False,False,False,False,False,False,35.0,3.58351893845611,38
8.0,7.0,375.0,9.0,6.0,False,False,False,False,False,False,False,True,False,25.0,3.258096538021482,38
8.0,7.0,76.9,7.0,9.0,True,False,False,False,False,False,False,False,False,55.0,4.02535169073515,38
8.0,7.0,256.4,9.0,9.0,False,False,False,False,False,False,False,True,False,55.0,4.02535169073515,38
8.0,8.0,100.0,9.0,8.0,True,False,False,False,False,False,False,False,False,65.0,4.189654742026425,38
8.0,8.0,,9.0,7.0,False,False,False,False,False,False,False,True,False,66.0,4.204692619390966,38
11.0,9.0,11.2,5.0,8.0,False,False,False,False,False,False,True,False,False,24.0,3.2188758248682006,39
11.0,9.0,22.5,8.0,6.0,False,True,False,False,False,False,False,False,False,18.0,2.9444389791664403,39
1.0,8.0,31.2,2.0,5.0,False,True,False,False,False,False,False,False,False,2.0,1.0986122886681098,39
1.0,8.0,62.5,7.0,6.0,True,False,False,False,False,False,False,False,False,4.0,1.6094379124341003,39
3.0,8.0,21.7,8.0,4.0,True,False,False,False,False,False,False,False,False,20.0,3.044522437723423,39
3.0,8.0,,9.0,7.0,False,False,False,False,False,False,False,True,False,20.0,3.044522437723423,39
6.0,5.0,0.0,1.0,5.0,False,False,False,False,True,False,False,False,False,10.0,2.3978952727983707,40
6.0,5.0,100.0,5.0,6.0,False,True,False,False,False,False,False,False,False,10.0,2.3978952727983707,40
3.0,4.0,113.6,5.0,7.0,False,True,False,False,False,False,False,False,False,25.0,3.258096538021482,40
6.0,8.0,100.0,8.0,3.0,True,False,False,False,False,False,False,False,False,20.0,3.044522437723423,40
10.0,9.0,50.0,8.0,8.0,False,True,False,False,False,False,False,False,False,35.0,3.58351893845611,41
10.0,9.0,50.0,10.0,7.0,False,True,False,False,False,False,False,False,False,40.0,3.713572066704308,41
3.0,1.0,50.0,4.0,8.0,False,True,False,False,False,False,False,False,False,8.0,2.1972245773362196,41
3.0,1.0,50.0,3.0,7.0,False,True,False,False,False,False,False,False,False,8.0,2.1972245773362196,41
7.0,8.0,100.0,9.0,4.0,True,False,False,False,False,False,False,False,False,60.0,4.110873864173311,41
7.0,8.0,,8.0,4.0,False,False,False,False,False,False,False,True,False,15.0,2.772588722239781,41
9.0,8.0,100.0,10.0,4.0,False,True,False,False,False,False,False,False,False,300.0,5.707110264748875,42
9.0,8.0,100.0,7.0,4.0,False,False,False,False,False,False,False,True,False,75.0,4.330733340286331,42
7.0,10.0,100.0,10.0,2.0,False,True,False,False,False,False,False,False,False,100.0,4.61512051684126,42
7.0,10.0,50.0,7.0,2.0,False,False,False,False,False,False,True,False,False,35.0,3.58351893845611,42
6.0,6.0,100.0,7.0,7.0,True,False,False,False,False,False,False,False,False,45.0,3.828641396489095,42
6.0,6.0,,7.0,4.0,False,False,False,False,False,False,False,True,False,30.0,3.4339872044851463,42
5.0,5.0,35.0,6.0,5.0,False,True,False,False,False,False,False,False,False,20.0,3.044522437723423,43
5.0,5.0,50.0,5.0,5.0,False,False,False,False,False,False,True,False,False,10.0,2.3978952727983707,43
5.0,7.0,100.0,8.0,3.0,False,True,False,False,False,False,False,False,False,50.0,3.9318256327243257,43
5.0,7.0,20.0,6.0,2.0,False,False,False,True,False,False,False,False,False,15.0,2.772588722239781,43
8.0,7.0,50.0,8.0,6.0,False,True,False,False,False,False,False,False,False,50.0,3.9318256327243257,44
8.0,7.0,50.0,5.0,8.0,False,False,False,False,False,False,True,False,False,20.0,3.044522437723423,44
10.0,8.0,100.0,8.0,8.0,False,True,False,False,False,False,False,False,False,20.0,3.044522437723423,44
10.0,8.0,50.0,8.0,8.0,True,False,False,False,False,False,False,False,False,50.0,3.9318256327243257,44
9.0,8.0,50.0,8.0,8.0,True,False,False,False,False,False,False,False,False,20.0,3.044522437723423,44
9.0,8.0,,8.0,8.0,False,False,False,False,False,False,False,True,False,30.0,3.4339872044851463,44
4.0,4.0,20.0,5.0,3.0,False,True,False,False,False,False,False,False,False,8.0,2.1972245773362196,45
4.0,4.0,40.0,4.0,6.0,False,False,False,False,False,True,False,False,False,10.0,2.3978952727983707,45
6.0,8.0,40.0,10.0,2.0,False,False,False,False,False,True,False,False,False,60.0,4.110873864173311,45
6.0,8.0,20.0,6.0,2.0,False,True,False,False,False,False,False,False,False,15.0,2.772588722239781,45
6.0,8.0,100.0,9.0,1.0,True,False,False,False,False,False,False,False,False,60.0,4.110873864173311,45
6.0,8.0,,1.0,9.0,False,False,False,False,False,False,False,True,False,5.0,1.791759469228055,45
8.0,7.0,55.6,6.0,8.0,False,True,False,False,False,False,False,False,False,30.0,3.4339872044851463,46
8.0,7.0,39.7,4.0,7.0,False,False,False,True,False,False,False,False,False,20.0,3.044522437723423,46
3.0,1.0,49.5,2.0,9.0,False,True,False,False,False,False,False,False,False,3.0,1.3862943611198906,46
3.0,1.0,8.8,2.0,7.0,False,False,False,False,False,False,True,False,False,5.0,1.791759469228055,46
6.0,6.0,16.0,4.0,8.0,True,False,False,False,False,False,False,False,False,70.0,4.2626798770413155,46
8.0,7.0,61.5,8.0,5.0,False,True,False,False,False,False,False,False,False,30.0,3.4339872044851463,47
8.0,7.0,30.8,7.0,6.0,False,False,False,False,False,True,False,False,False,20.0,3.044522437723423,47
3.0,9.0,66.7,8.0,5.0,False,True,False,False,False,False,False,False,False,20.0,3.044522437723423,47
3.0,9.0,33.3,6.0,5.0,False,False,False,False,False,True,False,False,False,12.0,2.5649493574615367,47
5.0,8.0,125.0,7.0,6.0,True,False,False,False,False,False,False,False,False,180.0,5.198497031265826,47
5.0,8.0,,9.0,7.0,False,False,False,False,False,False,False,True,False,180.0,5.198497031265826,47
5.0,6.0,53.6,5.0,6.0,False,True,False,False,False,False,False,False,False,9.0,2.302585092994046,48
5.0,6.0,80.4,7.0,5.0,False,False,False,False,False,True,False,False,False,25.0,3.258096538021482,48
8.0,9.0,26.9,9.0,4.0,False,True,False,False,False,False,False,False,False,15.0,2.772588722239781,48
8.0,9.0,19.2,7.0,6.0,False,False,True,False,False,False,False,False,False,6.0,1.9459101490553132,48
6.0,9.0,200.0,9.0,5.0,True,False,False,False,False,False,False,False,False,30.0,3.4339872044851463,48
6.0,7.0,83.3,8.0,7.0,False,True,False,False,False,False,False,False,False,24.0,3.2188758248682006,49
6.0,7.0,83.3,7.0,8.0,False,False,False,False,False,True,False,False,False,40.0,3.713572066704308,49
4.0,4.0,65.8,3.0,7.0,False,False,False,False,False,True,False,False,False,45.0,3.828641396489095,49
4.0,4.0,52.6,5.0,5.0,False,True,False,False,False,False,False,False,False,20.0,3.044522437723423,49
6.0,8.0,172.4,8.0,4.0,True,False,False,False,False,False,False,False,False,98.0,4.59511985013459,49
6.0,8.0,,10.0,3.0,False,False,False,False,False,False,False,True,False,44.0,3.8066624897703196,49
5.0,3.0,100.0,10.0,6.0,True,False,False,False,False,False,False,False,False,600.0,6.398594934535208,50
5.0,3.0,10.0,9.0,3.0,False,False,False,False,False,False,True,False,False,100.0,4.61512051684126,50
4.0,7.0,100.0,7.0,5.0,True,False,False,False,False,False,False,False,False,200.0,5.303304908059076,50
4.0,7.0,100.0,5.0,5.0,False,True,False,False,False,False,False,False,False,80.0,4.394449154672439,50
5.0,10.0,100.0,10.0,6.0,True,False,False,False,False,False,False,False,False,400.0,5.993961427306569,50
5.0,10.0,,9.0,7.0,False,False,False,False,False,False,False,True,False,400.0,5.993961427306569,50
5.0,5.0,107.5,3.0,2.0,False,True,False,False,False,False,False,False,False,10.0,2.3978952727983707,51
5.0,5.0,107.5,3.0,1.0,False,True,False,False,False,False,False,False,False,8.0,2.1972245773362196,51
7.0,9.0,100.0,8.0,1.0,True,False,False,False,False,False,False,False,False,360.0,5.8888779583328805,51
7.0,9.0,100.0,9.0,1.0,False,False,False,False,False,False,False,True,False,84.0,4.442651256490317,51
5.0,3.0,100.0,4.0,1.0,True,False,False,False,False,False,False,False,False,40.0,3.713572066704308,51
7.0,7.0,1.0,1.0,1.0,False,False,False,True,False,False,False,False,False,1.0,0.6931471805599453,52
7.0,7.0,30.0,4.0,5.0,False,True,False,False,False,False,False,False,False,20.0,3.044522437723423,52
6.0,8.0,30.0,3.0,3.0,False,False,False,False,False,False,True,False,False,9.0,2.302585092994046,52
6.0,8.0,100.0,7.0,2.0,True,False,False,False,False,False,False,False,False,60.0,4.110873864173311,52
4.0,5.0,100.0,6.0,1.0,True,False,False,False,False,False,False,False,False,24.0,3.2188758248682006,52
3.0,3.0,45.0,2.0,5.0,False,True,False,False,False,False,False,False,False,2.0,1.0986122886681098,53
3.0,3.0,5.0,2.0,9.0,False,False,False,True,False,False,False,False,False,3.0,1.3862943611198906,53
5.0,4.0,100.0,3.0,8.0,False,True,False,False,False,False,False,False,False,8.5,2.2512917986064953,53
5.0,4.0,10.0,3.0,9.0,False,False,False,True,False,False,False,False,False,3.0,1.3862943611198906,53
5.0,3.0,100.0,2.0,9.0,True,False,False,False,False,False,False,False,False,9.0,2.302585092994046,53
5.0,3.0,,1.0,10.0,False,False,False,False,False,False,False,True,False,5.0,1.791759469228055,53
5.0,2.0,50.0,2.0,1.0,False,True,False,False,False,False,False,False,False,10.0,2.3978952727983707,54
5.0,2.0,50.0,2.0,1.0,False,True,False,False,False,False,False,False,False,10.0,2.3978952727983707,54
5.0,1.0,45.0,1.0,1.0,False,True,False,False,False,False,False,False,False,12.0,2.5649493574615367,54
5.0,1.0,45.0,1.0,1.0,False,True,False,False,False,False,False,False,False,12.0,2.5649493574615367,54
5.0,1.0,100.0,1.0,2.0,True,False,False,False,False,False,False,False,False,12.0,2.5649493574615367,54
6.0,5.0,15.0,4.0,6.0,False,False,False,False,False,False,True,False,False,15.0,2.772588722239781,55
6.0,5.0,2.0,2.0,5.0,False,False,False,False,False,False,False,False,True,2.0,1.0986122886681098,55
6.0,7.0,1.0,3.0,7.0,False,False,False,True,False,False,False,False,False,1.0,0.6931471805599453,55
6.0,7.0,10.0,4.0,6.0,False,False,False,False,False,False,False,False,True,8.0,2.1972245773362196,55
5.0,5.0,2.0,2.0,3.0,False,False,False,True,False,False,False,False,False,1.5,0.9162907318741551,56
5.0,5.0,2.0,2.0,2.0,False,False,False,False,False,False,False,False,True,2.0,1.0986122886681098,56
5.0,5.0,5.0,4.0,6.0,False,False,True,False,False,False,False,False,False,5.0,1.791759469228055,56
5.0,5.0,3.0,3.0,6.0,False,False,False,False,False,False,False,False,True,3.0,1.3862943611198906,56
5.0,4.0,4.0,2.0,5.0,False,False,False,True,False,False,False,False,False,4.0,1.6094379124341003,57
5.0,4.0,2.0,2.0,4.0,False,False,False,False,False,False,False,False,True,2.0,1.0986122886681098,57
5.0,5.0,5.0,3.0,3.0,False,False,False,True,False,False,False,False,False,4.0,1.6094379124341003,57
5.0,5.0,5.0,5.0,5.0,False,False,True,False,False,False,False,False,False,4.0,1.6094379124341003,57
5.0,7.0,100.0,8.0,7.0,False,False,True,False,False,False,False,False,False,100.0,4.61512051684126,58
5.0,7.0,30.0,7.0,5.0,False,False,False,True,False,False,False,False,False,42.0,3.7612001156935624,58
3.0,2.0,100.0,3.0,9.0,False,False,True,False,False,False,False,False,False,50.0,3.9318256327243257,58
3.0,2.0,10.0,7.0,6.0,False,False,False,True,False,False,False,False,False,10.0,2.3978952727983707,58
4.0,2.0,80.0,2.0,5.0,False,False,False,False,False,False,True,False,False,79.0,4.382026634673881,59
4.0,2.0,10.0,1.0,5.0,False,False,False,True,False,False,False,False,False,10.0,2.3978952727983707,59
4.0,7.0,10.0,2.0,8.0,False,False,False,True,False,False,False,False,False,10.0,2.3978952727983707,59
4.0,7.0,60.0,4.0,9.0,False,False,False,False,False,False,True,False,False,60.0,4.110873864173311,59
2.0,3.0,20.0,3.0,6.0,False,False,False,True,False,False,False,False,False,8.0,2.1972245773362196,60
2.0,3.0,20.0,6.0,6.0,False,False,False,False,False,False,True,False,False,10.0,2.3978952727983707,60
3.0,5.0,20.0,7.0,4.0,False,False,False,False,False,False,True,False,False,10.0,2.3978952727983707,60
3.0,5.0,20.0,6.0,4.0,False,False,False,True,False,False,False,False,False,8.0,2.1972245773362196,60
